You've Got To Give Me Some	song	1920	date
You Stole My Man	song	1920	date
Yonder Come The Blues	song	1920	date
Yodling Blues	song	1920	date
Worn Down Daddy	song	1920	date
Wild WomenDon't Have The Blues	song	1920	date
Whoa, Tillie, Take Your Time	song	1920	date
Walking Blues	song	1920	date
Waitin' For The Evenin' Mail	song	1920	date
Those All Night Long Blues	song	1920	date
Thinking Blues	song	1920	date
St. Louis Gal	song	1920	date
Southern Blues	song	1920	date
Shipwrecked Blues	song	1920	date
Seven Day Blues	song	1920	date
Sam Jones Blues	song	1920	date
Reckless Blues	song	1920	date
Rambling Blues	song	1920	date
Put It Right Here (Or Keep It Out There)	song	1920	date
Prescription For The Blues	song	1920	date
Pinchbacks - Take 'Em Away	song	1920	date
Outside Of That	song	1920	date
Nobody In Town Can Bake A Sweet Jelly Roll Like Mine	song	1920	date
My Sweetie Went Away	song	1920	date
My Man Blues	song	1920	date
Moonshine Blues	song	1920	date
Mistreating Daddy	song	1920	date
Lovin' Is The Thing I'm Wild About	song	1920	date
Last Minute Blues	song	1920	date
Lady Luck Blues	song	1920	date
Keeps On A-Rainin'	song	1920	date
Jailhouse Blues	song	1920	date
If You Don't, I Know Who Will	song	1920	date
Ida Cox's Lawdy Lawdy Blues	song	1920	date
I Never Miss The Sunshine (I'm So Used To The Rain)	song	1920	date
I'm Going Back To My Used To Be	song	1920	date
Hard Time Blues	song	1920	date
Gulf Coast Blues	song	1920	date
Graveyard Dream Blues	song	1920	date
Give Me A Break Blues	song	1920	date
Frosty Morning	song	1920	date
Fogyism	song	1920	date
Eavesdropper's Blues	song	1920	date
Downhearted Blues	song	1920	date
Don't Never Tell Nobody	song	1920	date
Don't Fish In My Sea	song	1920	date
Devil's Gonna Git You	song	1920	date
Counting The Blues	song	1920	date
Chicago Monkey Man Blues	song	1920	date
Cherry Picking Blues	song	1920	date
Cemetery Blues	song	1920	date
Broadcasting Blues	song	1920	date
Booze Crazy Man Blues	song	1920	date
Bo-Weavil Blues	song	1920	date
Blues And Booze	song	1920	date
Blues Ain't Nothin' Else But!	song	1920	date
Bleeding Hearted Blues	song	1920	date
Beale Street Mama	song	1920	date
Barrel House Blues	song	1920	date
Bama Bound Blues	song	1920	date
Awful Moanin' Blues	song	1920	date
Any Woman's Blues	song	1920	date
Ain't Gonna Play No 2nd Fiddle	song	1920	date
Aggravatin' Papa	song	1920	date
After You've Gone	song	1920	date
See That My Grave Is Kept Clean	song	1920	date
You've Got To Give Me Some	song	1920	date
You Stole My Man	song	1920	date
Yonder Come The Blues	song	1920	date
Yodling Blues	song	1920	date
Worn Down Daddy	song	1920	date
Wild WomenDon't Have The Blues	song	1920	date
Whoa, Tillie, Take Your Time	song	1920	date
Walking Blues	song	1920	date
Waitin' For The Evenin' Mail	song	1920	date
Those All Night Long Blues	song	1920	date
Thinking Blues	song	1920	date
St. Louis Gal	song	1920	date
Southern Blues	song	1920	date
Shipwrecked Blues	song	1920	date
Seven Day Blues	song	1920	date
Sam Jones Blues	song	1920	date
Reckless Blues	song	1920	date
Rambling Blues	song	1920	date
Put It Right Here (Or Keep It Out There)	song	1920	date
Prescription For The Blues	song	1920	date
Pinchbacks - Take 'Em Away	song	1920	date
Outside Of That	song	1920	date
Nobody In Town Can Bake A Sweet Jelly Roll Like Mine	song	1920	date
My Sweetie Went Away	song	1920	date
My Man Blues	song	1920	date
Moonshine Blues	song	1920	date
Mistreating Daddy	song	1920	date
Lovin' Is The Thing I'm Wild About	song	1920	date
Last Minute Blues	song	1920	date
Lady Luck Blues	song	1920	date
Keeps On A-Rainin'	song	1920	date
Jailhouse Blues	song	1920	date
If You Don't, I Know Who Will	song	1920	date
Ida Cox's Lawdy Lawdy Blues	song	1920	date
I Never Miss The Sunshine (I'm So Used To The Rain)	song	1920	date
I'm Going Back To My Used To Be	song	1920	date
Hard Time Blues	song	1920	date
Gulf Coast Blues	song	1920	date
Graveyard Dream Blues	song	1920	date
Give Me A Break Blues	song	1920	date
Frosty Morning	song	1920	date
Fogyism	song	1920	date
Eavesdropper's Blues	song	1920	date
Downhearted Blues	song	1920	date
Don't Never Tell Nobody	song	1920	date
Don't Fish In My Sea	song	1920	date
Devil's Gonna Git You	song	1920	date
Counting The Blues	song	1920	date
Chicago Monkey Man Blues	song	1920	date
Cherry Picking Blues	song	1920	date
Cemetery Blues	song	1920	date
Broadcasting Blues	song	1920	date
Booze Crazy Man Blues	song	1920	date
Bo-Weavil Blues	song	1920	date
Blues And Booze	song	1920	date
Blues Ain't Nothin' Else But!	song	1920	date
Bleeding Hearted Blues	song	1920	date
Beale Street Mama	song	1920	date
Barrel House Blues	song	1920	date
Bama Bound Blues	song	1920	date
Awful Moanin' Blues	song	1920	date
Any Woman's Blues	song	1920	date
Ain't Gonna Play No 2nd Fiddle	song	1920	date
Aggravatin' Papa	song	1920	date
After You've Gone	song	1920	date
See That My Grave Is Kept Clean	song	1920	date
Until My Love Come Down	song	1930	date
Take Him Off My Mind	song	1930	date
Shipwreck Blues	song	1930	date
Pink Slip Blues	song	1930	date
I Need A Little Sugar In My Bowl	song	1930	date
Hard Time Blues	song	1930	date
Until My Love Come Down	song	1930	date
Take Him Off My Mind	song	1930	date
Shipwreck Blues	song	1930	date
Pink Slip Blues	song	1930	date
I Need A Little Sugar In My Bowl	song	1930	date
Hard Time Blues	song	1930	date
Win The War Blues	song	1940	date
Streamline Woman	song	1940	date
Ramblin' Kid Blues (version 1)	song	1940	date
Mean Red Spider	song	1940	date
I Can't Be Satisfied	song	1940	date
I Be's Troubled	song	1940	date
Win The War Blues	song	1940	date
Streamline Woman	song	1940	date
Ramblin' Kid Blues (version 1)	song	1940	date
Mean Red Spider	song	1940	date
I Can't Be Satisfied	song	1940	date
You Upset Me Baby	song	1950	date
You Gonna Wreck My Life	song	1950	date
You Can't Be Beat	song	1950	date
Work For Your Money	song	1950	date
Wobblin' Baby	song	1950	date
Why I Sing The Blues	song	1950	date
Who Will Be Next	song	1950	date
Who Do You Love	song	1950	date
They Call Me Muddy Waters	song	1950	date
Sweet Home Chicago	song	1950	date
Sometimes	song	1950	date
Sittin' On Top Of The World	song	1950	date
She's Dynamite	song	1950	date
She's Alright	song	1950	date
Say Man	song	1950	date
Rockin' Daddy	song	1950	date
Rock Me Baby	song	1950	date
Recession Blues	song	1950	date
Pretty Thing (version 2)	song	1950	date
Pretty Thing (version 1)	song	1950	date
Please Love Me	song	1950	date
Oh Red! (Take 2)	song	1950	date
Next Time You See Me	song	1950	date
Nature	song	1950	date
Natchez Burning	song	1950	date
My Last Affair (Take 1)	song	1950	date
My Baby Walked Off	song	1950	date
Mr. Airplane Man	song	1950	date
Mother-In-law Blues	song	1950	date
Mean Mistreater	song	1950	date
Maudie (Version 1)	song	1950	date
Louisiana Blues	song	1950	date
Lonesome Road Blues	song	1950	date
Little Wheel	song	1950	date
Just My Kind	song	1950	date
I've Been Abused	song	1950	date
(I'm Your)Hoochie Coochie Man	song	1950	date
I'm The Wolf	song	1950	date
I'm Sorry	song	1950	date
I'm Looking For AWoman	song	1950	date
I'mIn The Mood (Version 1)	song	1950	date
I'm A Man	song	1950	date
I'll Be Around	song	1950	date
I Just Want To Make Love To You	song	1950	date
I Didn't Know	song	1950	date
Hush Your Mouth	song	1950	date
How Can You Do It?	song	1950	date
Honey Bee	song	1950	date
Hobo Blues	song	1950	date
Hey, Bo Diddley	song	1950	date
Good Mornin' Lil' School Girl	song	1950	date
Everyday I Have The Blues (Version 1)	song	1950	date
Down At The Landing	song	1950	date
Dorothy Mae	song	1950	date
Dimples	song	1950	date
Diddley Daddy	song	1950	date
Decoration Day	song	1950	date
Dearest Darling	song	1950	date
Dark Is The Night	song	1950	date
Crawlin' Kingsnake	song	1950	date
Crawlin' Black Spider	song	1950	date
Cold Chills All Over Me	song	1950	date
Church Bell Tone	song	1950	date
Change My Way	song	1950	date
Cadillac Daddy (Mr. Highway Man)	song	1950	date
Bring It To Jerome	song	1950	date
Baby, Boogie Chillun	song	1950	date
Bo Diddley (version 2)	song	1950	date
Bluebird Blues	song	1950	date
Baby Please Don't Go	song	1950	date
Baby, Baby Lee (Version 1)	song	1950	date
Drinkin' C.V. Wine	song	1950	date
You Upset Me Baby	song	1950	date
You Gonna Wreck My Life	song	1950	date
You Can't Be Beat	song	1950	date
Work For Your Money	song	1950	date
Wobblin' Baby	song	1950	date
Why I Sing The Blues	song	1950	date
Who Will Be Next	song	1950	date
Who Do You Love	song	1950	date
They Call Me Muddy Waters	song	1950	date
Sweet Home Chicago	song	1950	date
Sometimes	song	1950	date
Sittin' On Top Of The World	song	1950	date
She's Dynamite	song	1950	date
She's Alright	song	1950	date
Say Man	song	1950	date
Rockin' Daddy	song	1950	date
Rock Me Baby	song	1950	date
Recession Blues	song	1950	date
Pretty Thing (version 2)	song	1950	date
Pretty Thing (version 1)	song	1950	date
Please Love Me	song	1950	date
Oh Red! (Take 2)	song	1950	date
Next Time You See Me	song	1950	date
Nature	song	1950	date
Natchez Burning	song	1950	date
My Last Affair (Take 1)	song	1950	date
My Baby Walked Off	song	1950	date
Mr. Airplane Man	song	1950	date
Mother-In-law Blues	song	1950	date
Maudie (Version 1)	song	1950	date
Louisiana Blues	song	1950	date
Lonesome Road Blues	song	1950	date
Little Wheel	song	1950	date
Just My Kind	song	1950	date
I've Been Abused	song	1950	date
(I'm Your)Hoochie Coochie Man	song	1950	date
I'm The Wolf	song	1950	date
I'm Sorry	song	1950	date
I'm Looking For AWoman	song	1950	date
I'mIn The Mood (Version 1)	song	1950	date
I'm A Man	song	1950	date
I'll Be Around	song	1950	date
I Just Want To Make Love To You	song	1950	date
I Didn't Know	song	1950	date
Hush Your Mouth	song	1950	date
How Can You Do It?	song	1950	date
Honey Bee	song	1950	date
Hobo Blues	song	1950	date
Hey, Bo Diddley	song	1950	date
Good Mornin' Lil' School Girl	song	1950	date
Everyday I Have The Blues (Version 1)	song	1950	date
Down At The Landing	song	1950	date
Dorothy Mae	song	1950	date
Dimples	song	1950	date
Diddley Daddy	song	1950	date
Decoration Day	song	1950	date
Dearest Darling	song	1950	date
Dark Is The Night	song	1950	date
Crawlin' Kingsnake	song	1950	date
Crawlin' Black Spider	song	1950	date
Church Bell Tone	song	1950	date
Change My Way	song	1950	date
Cadillac Daddy (Mr. Highway Man)	song	1950	date
Bring It To Jerome	song	1950	date
Baby, Boogie Chillun	song	1950	date
Bo Diddley (version 2)	song	1950	date
Bluebird Blues	song	1950	date
Baby Please Don't Go	song	1950	date
Baby, Baby Lee (Version 1)	song	1950	date
Drinkin' C.V. Wine	song	1950	date
You Shouldn't Have Left Me	song	1960	date
You Put It On Me	song	1960	date
You Done Lost Your Good Thing Now	song	1960	date
You Don't Have To Go	song	1960	date
You Can't Judge A Book By It's Cover	song	1960	date
Yonder's Wall	song	1960	date
Worried Life	song	1960	date
Woke Up This Morning (My Baby's Gone)	song	1960	date
Who's Been Talkin'	song	1960	date
What'd I Say	song	1960	date
(The) Waterfront	song	1960	date
Want Ad Blues	song	1960	date
Wang Dang Doodle	song	1960	date
Turtle Blues	song	1960	date
Tupelo	song	1960	date
Three Hundred Pounds Of Joy	song	1960	date
This Is Hip	song	1960	date
Thirteen Highway	song	1960	date
The Red Rooster	song	1960	date
The Jungle	song	1960	date
Tell Me What I've Done	song	1960	date
Tail Dragger	song	1960	date
Sweet Little Angel (Version 1)	song	1960	date
Strange Things	song	1960	date
Strange Things Happening	song	1960	date
Stop Leadin' Me On	song	1960	date
Stand By Me	song	1960	date
Spoonful	song	1960	date
Someone Somewhere	song	1960	date
Someday Baby	song	1960	date
Sneakin' Around	song	1960	date
Smokestack Lightnin'	song	1960	date
Slowly Losing My Mind	song	1960	date
Sloppy Drunk	song	1960	date
Sky Is Crying	song	1960	date
Shake For Me	song	1960	date
Send Me Your Pillow	song	1960	date
Road Runner	song	1960	date
Ramblin' On My Mind	song	1960	date
Process	song	1960	date
Please Set A Date	song	1960	date
Paying The Cost To Be The Boss	song	1960	date
Parchman Farm	song	1960	date
Ooh Baby (Hold Me)	song	1960	date
One More Mile	song	1960	date
No More Doggin'	song	1960	date
Never Trust A Woman	song	1960	date
My First Wife Left Me	song	1960	date
My Dog Can't Bark	song	1960	date
(My Country) Sugar Mama	song	1960	date
Money's Gettin' Cheaper	song	1960	date
Messin' With The Man	song	1960	date
Little Girl	song	1960	date
Little Baby	song	1960	date
Lets Get Down To Business	song	1960	date
Let's Make It	song	1960	date
Key To Love	song	1960	date
Kansas City	song	1960	date
Just A Little Love	song	1960	date
Jivin' Woman	song	1960	date
It's You I Love Baby	song	1960	date
It's My Own Fault	song	1960	date
It's A Pity	song	1960	date
It's A Mean World	song	1960	date
It Ain't Right	song	1960	date
In The Dark	song	1960	date
I Want You So Bad	song	1960	date
I've Been Treated Wrong	song	1960	date
I Put My Trust On You	song	1960	date
I Need You Baby	song	1960	date
I Need Some Money	song	1960	date
I'm Wanderin'	song	1960	date
I'mMad Again	song	1960	date
I'mLeaving Baby	song	1960	date
I'm Gonna Do What They Do To Me	song	1960	date
I'mGoing Upstairs	song	1960	date
I Know What Your Putting Down	song	1960	date
I Got My Brand On You	song	1960	date
I Done Got Wise	song	1960	date
I Asked For Water	song	1960	date
Howlin' For My Baby	song	1960	date
How Many More Years	song	1960	date
How Long Blues	song	1960	date
Help The Poor (Version 1)	song	1960	date
Have You Heard	song	1960	date
Grab Me A Freight	song	1960	date
Got My Mojo Working	song	1960	date
Got A Good Thing Goin'	song	1960	date
Gonna Keep On Loving You	song	1960	date
Going Down Slow	song	1960	date
Goin' Down Slow	song	1960	date
Get Off My Back Woman	song	1960	date
Get Myself Somebody	song	1960	date
Gambler's Blues	song	1960	date
Frisco Blues	song	1960	date
Fools Get Wise	song	1960	date
Five Long Years (Version 2)	song	1960	date
Evil	song	1960	date
Everyday I Have The Blues (Version 3)	song	1960	date
Elevate Me Mama	song	1960	date
Early In The Morning (Version 1)	song	1960	date
Driving Wheel	song	1960	date
Drinking Beer	song	1960	date
Downhearted	song	1960	date
Down In The Bottom	song	1960	date
Double Crossing Time	song	1960	date
Don't Let Go	song	1960	date
Don't Get Around Much Anymore	song	1960	date
Don't Answer The Door	song	1960	date
Democrat Man	song	1960	date
Days Of Old (Version 1)	song	1960	date
Cryin' For My Baby	song	1960	date
Confessin' The Blues	song	1960	date
Come Back Baby	song	1960	date
Cane River	song	1960	date
Callin' On My Darlin'	song	1960	date
Buzz Me (Version 1)	song	1960	date
Built For Comfort	song	1960	date
Boom Boom	song	1960	date
Bo Diddley's A Gunslinger	song	1960	date
Baby, Blues Before Sunrise (Version 2)	song	1960	date
Blues At Midnight	song	1960	date
Blindman	song	1960	date
Be Careful With A Fool	song	1960	date
All Your Love	song	1960	date
All Over Again	song	1960	date
I Know You Rider	song	1960	date
You Put It On Me	song	1960	date
You Done Lost Your Good Thing Now	song	1960	date
You Don't Have To Go	song	1960	date
You Can't Judge A Book By It's Cover	song	1960	date
Yonder's Wall	song	1960	date
Worried Life	song	1960	date
Woke Up This Morning (My Baby's Gone)	song	1960	date
Who's Been Talkin'	song	1960	date
What'd I Say	song	1960	date
(The) Waterfront	song	1960	date
Want Ad Blues	song	1960	date
Wang Dang Doodle	song	1960	date
Turtle Blues	song	1960	date
Tupelo	song	1960	date
Three Hundred Pounds Of Joy	song	1960	date
This Is Hip	song	1960	date
Thirteen Highway	song	1960	date
The Red Rooster	song	1960	date
The Jungle	song	1960	date
Tell Me What I've Done	song	1960	date
Tail Dragger	song	1960	date
Sweet Little Angel (Version 1)	song	1960	date
Strange Things	song	1960	date
Strange Things Happening	song	1960	date
Stop Leadin' Me On	song	1960	date
Stand By Me	song	1960	date
Spoonful	song	1960	date
Someone Somewhere	song	1960	date
Someday Baby	song	1960	date
Sneakin' Around	song	1960	date
Smokestack Lightnin'	song	1960	date
Slowly Losing My Mind	song	1960	date
Sloppy Drunk	song	1960	date
Sky Is Crying	song	1960	date
Shake For Me	song	1960	date
Send Me Your Pillow	song	1960	date
Road Runner	song	1960	date
Ramblin' On My Mind	song	1960	date
Process	song	1960	date
Please Set A Date	song	1960	date
Paying The Cost To Be The Boss	song	1960	date
Parchman Farm	song	1960	date
Ooh Baby (Hold Me)	song	1960	date
One More Mile	song	1960	date
No More Doggin'	song	1960	date
Never Trust A Woman	song	1960	date
My First Wife Left Me	song	1960	date
My Dog Can't Bark	song	1960	date
(My Country) Sugar Mama	song	1960	date
Money's Gettin' Cheaper	song	1960	date
Messin' With The Man	song	1960	date
Little Girl	song	1960	date
Little Baby	song	1960	date
Lets Get Down To Business	song	1960	date
Let's Make It	song	1960	date
Key To Love	song	1960	date
Kansas City	song	1960	date
Just A Little Love	song	1960	date
Jivin' Woman	song	1960	date
It's You I Love Baby	song	1960	date
It's My Own Fault	song	1960	date
It's A Pity	song	1960	date
It's A Mean World	song	1960	date
It Ain't Right	song	1960	date
In The Dark	song	1960	date
I Want You So Bad	song	1960	date
I've Been Treated Wrong	song	1960	date
I Put My Trust On You	song	1960	date
I Need You Baby	song	1960	date
I Need Some Money	song	1960	date
I'm Wanderin'	song	1960	date
I'mMad Again	song	1960	date
I'mLeaving Baby	song	1960	date
I'm Gonna Do What They Do To Me	song	1960	date
I'mGoing Upstairs	song	1960	date
I Love You So	song	1960	date
I Know What Your Putting Down	song	1960	date
I Got My Brand On You	song	1960	date
I Done Got Wise	song	1960	date
I Asked For Water	song	1960	date
Howlin' For My Baby	song	1960	date
How Many More Years	song	1960	date
How Long Blues	song	1960	date
Help The Poor (Version 1)	song	1960	date
Have You Heard	song	1960	date
Grab Me A Freight	song	1960	date
Got My Mojo Working	song	1960	date
Got A Good Thing Goin'	song	1960	date
Gonna Keep On Loving You	song	1960	date
Going Down Slow	song	1960	date
Goin' Down Slow	song	1960	date
Get Off My Back Woman	song	1960	date
Get Myself Somebody	song	1960	date
Gambler's Blues	song	1960	date
Frisco Blues	song	1960	date
Fools Get Wise	song	1960	date
Five Long Years (Version 2)	song	1960	date
Evil	song	1960	date
Everyday I Have The Blues (Version 3)	song	1960	date
Elevate Me Mama	song	1960	date
Early In The Morning (Version 1)	song	1960	date
Driving Wheel	song	1960	date
Drinking Beer	song	1960	date
Downhearted	song	1960	date
Down In The Bottom	song	1960	date
Double Crossing Time	song	1960	date
Don't Let Go	song	1960	date
Don't Get Around Much Anymore	song	1960	date
Don't Answer The Door	song	1960	date
Democrat Man	song	1960	date
Days Of Old (Version 1)	song	1960	date
Cryin' For My Baby	song	1960	date
Confessin' The Blues	song	1960	date
Come Back Baby	song	1960	date
Cane River	song	1960	date
Callin' On My Darlin'	song	1960	date
Buzz Me (Version 1)	song	1960	date
Built For Comfort	song	1960	date
Boom Boom	song	1960	date
Bo Diddley's A Gunslinger	song	1960	date
Baby, Blues Before Sunrise (Version 2)	song	1960	date
Blues At Midnight	song	1960	date
Blindman	song	1960	date
Be Careful With A Fool	song	1960	date
All Your Love	song	1960	date
All Over Again	song	1960	date
I Know You Rider	song	1960	date
You're Still My Woman	song	1970	date
You Got To Lose	song	1970	date
You Can't Lose What You Never Had	song	1970	date
Who Are You	song	1970	date
When The Welfare Turns Its Back On You	song	1970	date
Waitin' For The Bus	song	1970	date
Took The Car	song	1970	date
The Blues Had A Baby And They Named It Rock And Roll	song	1970	date
The Beginning Of The End	song	1970	date
That's What The Blues Is All About	song	1970	date
Take It Home	song	1970	date
(Somebody Else Been) Shakin' Your Tree	song	1970	date
She Loves My Automobile	song	1970	date
Second Hand Woman	song	1970	date
Same Old Story (Same Old Song)	song	1970	date
Running Out Of Steam	song	1970	date
Rub My Back	song	1970	date
Power Of The Blues	song	1970	date
Part Time Love	song	1970	date
Pan Am Highway Blues	song	1970	date
Pack It Up	song	1970	date
One Bourbon, One Scotch, One Beer	song	1970	date
Niji Baby	song	1970	date
Never Make A Move Too Soon	song	1970	date
Neighbor, Neighbor	song	1970	date
My Pretty Girl	song	1970	date
My Babe	song	1970	date
Move Me On Down The Line	song	1970	date
Move It On Over	song	1970	date
Midnight Believer	song	1970	date
Mamie	song	1970	date
Madison Blues	song	1970	date
Let The Good Times Roll (Version 1)	song	1970	date
Let Me Make You Cry A Little Longer	song	1970	date
Just Got Paid	song	1970	date
Just Got Back From Baby's	song	1970	date
Jesus Just Left Chicago	song	1970	date
I Wonder Why	song	1970	date
I Want To Be Loved	song	1970	date
I Wanna Get Funky	song	1970	date
I've Got Papers On You	song	1970	date
I've Always Been Lonely	song	1970	date
I'm Ready	song	1970	date
I Love You So	song	1970	date
I'll Play The Blues For You (Part 1 and 2)	song	1970	date
I Like To Live The Love	song	1970	date
I Just Can't Leave Your Love Alone	song	1970	date
I Get Evil	song	1970	date
I Don't Care What My Baby Do	song	1970	date
Hummingbird	song	1970	date
How Blue Can You Get	song	1970	date
Hold On	song	1970	date
Hi Fi Mama	song	1970	date
Happy Birthday Blues	song	1970	date
Guitar Man	song	1970	date
Go Underground	song	1970	date
Ghetto Woman	song	1970	date
GetOut Of My Life Woman	song	1970	date
Five Long Years (Version 1)	song	1970	date
Eyesight To The Blind	song	1970	date
Everyday I Have The Blues (Version 2)	song	1970	date
Dust My Broom	song	1970	date
Deep Down In Florida	song	1970	date
Deep Blues Sea	song	1970	date
Crying	song	1970	date
Crosseyed Cat	song	1970	date
Come By Here	song	1970	date
Cocaine Blues	song	1970	date
Change Of Pace	song	1970	date
Chains And Things	song	1970	date
Certified Blues	song	1970	date
Can't You See What You're Doing To Me	song	1970	date
Can't Stop Lovin'	song	1970	date
Call My Job	song	1970	date
Caldonia (Version 1)	song	1970	date
Brown Sugar	song	1970	date
Born Under A Bad Sign	song	1970	date
Blue Shadows	song	1970	date
Blue Jean Blues	song	1970	date
Big Legged Women	song	1970	date
Better Not Look Down	song	1970	date
Bar-B-Q	song	1970	date
Back Door Love Affair	song	1970	date
Ask Me No Questions	song	1970	date
Answer To The Laundromat Blues	song	1970	date
Ain't Nothing You Can Do	song	1970	date
Ain't Nobody's Business	song	1970	date
Ain't Nobody Home	song	1970	date
(Ain't It) A Real Good Sign	song	1970	date
Ain't Gonna Worry My Life Anymore	song	1970	date
A World Full Of Strangers	song	1970	date
A Story Everybody Knows	song	1970	date
You Were Wrong	song	1970	date
You're Still My Woman	song	1970	date
You Got To Lose	song	1970	date
You Can't Lose What You Never Had	song	1970	date
Who Are You	song	1970	date
When The Welfare Turns Its Back On You	song	1970	date
Waitin' For The Bus	song	1970	date
Took The Car	song	1970	date
The Blues Had A Baby And They Named It Rock And Roll	song	1970	date
The Beginning Of The End	song	1970	date
That's What The Blues Is All About	song	1970	date
Take It Home	song	1970	date
(Somebody Else Been) Shakin' Your Tree	song	1970	date
She Loves My Automobile	song	1970	date
Second Hand Woman	song	1970	date
Same Old Story (Same Old Song)	song	1970	date
Running Out Of Steam	song	1970	date
Rub My Back	song	1970	date
Power Of The Blues	song	1970	date
Part Time Love	song	1970	date
Pan Am Highway Blues	song	1970	date
Pack It Up	song	1970	date
One Bourbon, One Scotch, One Beer	song	1970	date
Niji Baby	song	1970	date
Never Make A Move Too Soon	song	1970	date
Neighbor, Neighbor	song	1970	date
My Pretty Girl	song	1970	date
My Babe	song	1970	date
Move Me On Down The Line	song	1970	date
Move It On Over	song	1970	date
Midnight Believer	song	1970	date
Master Charge (version 1)	song	1970	date
Mamie	song	1970	date
Madison Blues	song	1970	date
Let The Good Times Roll (Version 1)	song	1970	date
Let Me Make You Cry A Little Longer	song	1970	date
Just Got Paid	song	1970	date
Just Got Back From Baby's	song	1970	date
Jesus Just Left Chicago	song	1970	date
I Wonder Why	song	1970	date
I Want To Be Loved	song	1970	date
I Wanna Get Funky	song	1970	date
I've Got Papers On You	song	1970	date
I've Always Been Lonely	song	1970	date
I'm Ready	song	1970	date
I'll Play The Blues For You (Part 1 and 2)	song	1970	date
I Like To Live The Love	song	1970	date
I Just Can't Leave Your Love Alone	song	1970	date
I Get Evil	song	1970	date
I Don't Care What My Baby Do	song	1970	date
Hummingbird	song	1970	date
How Blue Can You Get	song	1970	date
Hold On	song	1970	date
Hi Fi Mama	song	1970	date
Happy Birthday Blues	song	1970	date
Guitar Man	song	1970	date
Go Underground	song	1970	date
Ghetto Woman	song	1970	date
GetOut Of My Life Woman	song	1970	date
Five Long Years (Version 1)	song	1970	date
Eyesight To The Blind	song	1970	date
Everyday I Have The Blues (Version 2)	song	1970	date
Dust My Broom	song	1970	date
Deep Down In Florida	song	1970	date
Deep Blues Sea	song	1970	date
Crying	song	1970	date
Crosseyed Cat	song	1970	date
Come By Here	song	1970	date
Cocaine Blues	song	1970	date
Change Of Pace	song	1970	date
Chains And Things	song	1970	date
Certified Blues	song	1970	date
Can't You See What You're Doing To Me	song	1970	date
Can't Stop Lovin'	song	1970	date
Call My Job	song	1970	date
Caldonia (Version 1)	song	1970	date
Brown Sugar	song	1970	date
Born Under A Bad Sign	song	1970	date
Blue Shadows	song	1970	date
Blue Jean Blues	song	1970	date
Big Legged Women	song	1970	date
Better Not Look Down	song	1970	date
Bar-B-Q	song	1970	date
Back Door Love Affair	song	1970	date
Ask Me No Questions	song	1970	date
Answer To The Laundromat Blues	song	1970	date
Ain't Nothing You Can Do	song	1970	date
Ain't Nobody's Business	song	1970	date
Ain't Nobody Home	song	1970	date
(Ain't It) A Real Good Sign	song	1970	date
Ain't Gonna Worry My Life Anymore	song	1970	date
A World Full Of Strangers	song	1970	date
A Story Everybody Knows	song	1970	date
You've Become A Habbit To Me	song	1980	date
You've Always Got The Blues	song	1980	date
You Talk Too Much	song	1980	date
You'll Be Mine	song	1980	date
You And Me, Me And You	song	1980	date
Wrap It Up	song	1980	date
Willie The Wimp	song	1980	date
When A Guitar Plays The Blues	song	1980	date
Wall Of Denial lyrics	song	1980	date
Wait On Time	song	1980	date
Voodoo Chile (Slight Return) lyrics	song	1980	date
TuffEnuff	song	1980	date
True Love	song	1980	date
Too Many Dirty Dishes	song	1980	date
Tin Pan Alley lyrics	song	1980	date
Tightrope lyrics	song	1980	date
Think Twice Before You Go	song	1980	date
The Things (That) I Used To Do	song	1980	date
The House Is Rockin' lyrics	song	1980	date
The Highway Is Like A Woman	song	1980	date
The Healer	song	1980	date
That's Alright	song	1980	date
Texas Flood lyrics	song	1980	date
Tell Me	song	1980	date
Teardrops From My Eyes	song	1980	date
Take Off Your Shoes	song	1980	date
T-Bone Shuffle	song	1980	date
Sugar Mama	song	1980	date
Street Life	song	1980	date
Standing On The Edge	song	1980	date
Snowed In	song	1980	date
Snatchin' It Back	song	1980	date
Sell My Monkey	song	1980	date
Scratch-N-Sniff	song	1980	date
Say What!	song	1980	date
Say What! (Live Alive Version)	song	1980	date
Sally Mae	song	1980	date
Rockin' Chair	song	1980	date
Quicksand	song	1980	date
Pride And Joy lyrics	song	1980	date
Poor Boy	song	1980	date
One Of Those Nights	song	1980	date
No Substitute	song	1980	date
Nightlife Please Send Me Someone To Love	song	1980	date
Night Time	song	1980	date
My Mind Is Trying To Leave Me	song	1980	date
My Dream	song	1980	date
Mary Had A Little Lamb lyrics	song	1980	date
Make Love To Me	song	1980	date
Love Struck Baby lyrics	song	1980	date
Love Me Tender	song	1980	date
Love Me Darlin'	song	1980	date
Lookin' Out The Window lyrics	song	1980	date
Look At Little Sister	song	1980	date
Long Gone	song	1980	date
Lights Are On But Nobody's Home	song	1980	date
Life Without You lyrics	song	1980	date
Lets Straighten It Out	song	1980	date
Let Me Love You Baby	song	1980	date
Leave My Girl Alone	song	1980	date
Lay Another Log On The Fire	song	1980	date
Inflation Blues	song	1980	date
I've Got A Right To Love My Baby	song	1980	date
I'm Leaving You (Commit A Crime)	song	1980	date
I'mIn The Mood (Version 2)	song	1980	date
I'm Cryin' lyrics	song	1980	date
I Got The Message	song	1980	date
I Got Mad	song	1980	date
I Got A Problem	song	1980	date
I'd Be A Legend In My Time	song	1980	date
I Can't Let You Go	song	1980	date
I Believe I'min Love	song	1980	date
I Ain't Drunk	song	1980	date
Heed My Warning	song	1980	date
Groovy Little Hippie Pad	song	1980	date
Go On	song	1980	date
Give Me My Blues	song	1980	date
Give Me All Your Loving	song	1980	date
Get To Gettin'	song	1980	date
Gear Jammer	song	1980	date
Full Time Lover	song	1980	date
Empty Arms lyrics	song	1980	date
Ego Trip	song	1980	date
Drowning In The Sea Of Love	song	1980	date
Don't Go Reaching Across My Plate	song	1980	date
Don't Change On Me	song	1980	date
Dirty Pool	song	1980	date
Darlin' You Know I Love You	song	1980	date
Cuttin' Out	song	1980	date
Crossfire lyrics	song	1980	date
Couldn't Stand The Weather lyrics	song	1980	date
Come On lyrics	song	1980	date
Cold Shot lyrics	song	1980	date
Change It lyrics	song	1980	date
Change In Your Loving	song	1980	date
Cash Talkin' (The Workingman's Blues)	song	1980	date
Can't Get Enough	song	1980	date
But I Was Cool	song	1980	date
Business With My Baby Tonight	song	1980	date
Broken Heart	song	1980	date
Broke	song	1980	date
Brick	song	1980	date
Blue Monday Hangover	song	1980	date
Bending Like A Willow Tree	song	1980	date
Bad To The Bone	song	1980	date
Baby, Baby Lee (Version 2)	song	1980	date
Amnesia	song	1980	date
Almost Lost My Mind	song	1980	date
Ain't Gone 'N' Give Up On Love	song	1980	date
A World I Never Made	song	1980	date
A Good Fool Is Hard To Find	song	1980	date
You've Become A Habbit To Me	song	1980	date
You've Always Got The Blues	song	1980	date
You Talk Too Much	song	1980	date
You'll Be Mine	song	1980	date
You And Me, Me And You	song	1980	date
Wrap It Up	song	1980	date
Willie The Wimp	song	1980	date
Why Get Up	song	1980	date
When A Guitar Plays The Blues	song	1980	date
Wall Of Denial lyrics	song	1980	date
Wait On Time	song	1980	date
Voodoo Chile (Slight Return) lyrics	song	1980	date
Two Time My Lovin'	song	1980	date
TuffEnuff	song	1980	date
True Love	song	1980	date
Too Many Dirty Dishes	song	1980	date
Tin Pan Alley lyrics	song	1980	date
Tightrope lyrics	song	1980	date
Think Twice Before You Go	song	1980	date
The Things (That) I Used To Do	song	1980	date
The Moon Is Full	song	1980	date
The House Is Rockin' lyrics	song	1980	date
The Highway Is Like A Woman	song	1980	date
The Healer	song	1980	date
That's Alright	song	1980	date
Texas Flood lyrics	song	1980	date
Tell Me	song	1980	date
Teardrops From My Eyes	song	1980	date
Take Off Your Shoes	song	1980	date
T-Bone Shuffle	song	1980	date
Sugar Mama	song	1980	date
Street Life	song	1980	date
Standing On The Edge	song	1980	date
Snowed In	song	1980	date
Snatchin' It Back	song	1980	date
Sell My Monkey	song	1980	date
Scratch-N-Sniff	song	1980	date
Say What!	song	1980	date
Say What! (Live Alive Version)	song	1980	date
Sally Mae	song	1980	date
Rockin' Chair	song	1980	date
Quicksand	song	1980	date
Pride And Joy lyrics	song	1980	date
Poor Boy	song	1980	date
One Of Those Nights	song	1980	date
No Substitute	song	1980	date
Nightlife Please Send Me Someone To Love	song	1980	date
Night Time	song	1980	date
My Mind Is Trying To Leave Me	song	1980	date
My Dream	song	1980	date
Mary Had A Little Lamb lyrics	song	1980	date
Make Love To Me	song	1980	date
Love Struck Baby lyrics	song	1980	date
Love Me Tender	song	1980	date
Love Me Darlin'	song	1980	date
Lookin' Out The Window lyrics	song	1980	date
Look At That, Look At That	song	1980	date
Look At Little Sister	song	1980	date
Long Gone	song	1980	date
Lights Are On But Nobody's Home	song	1980	date
Life Without You lyrics	song	1980	date
Lets Straighten It Out	song	1980	date
Let Me Love You Baby	song	1980	date
Leave My Girl Alone	song	1980	date
Lay Another Log On The Fire	song	1980	date
Inflation Blues	song	1980	date
If You Love Me Like You Say	song	1980	date
I've Got A Right To Love My Baby	song	1980	date
I'm Leaving You (Commit A Crime)	song	1980	date
I'mIn The Mood (Version 2)	song	1980	date
I'm Cryin' lyrics	song	1980	date
I Got The Message	song	1980	date
I Got Mad	song	1980	date
I Got A Problem	song	1980	date
I'd Be A Legend In My Time	song	1980	date
I Can't Let You Go	song	1980	date
I Believe I'min Love	song	1980	date
I Ain't Drunk	song	1980	date
Heed My Warning	song	1980	date
Groovy Little Hippie Pad	song	1980	date
Go On	song	1980	date
Give Me My Blues	song	1980	date
Give Me All Your Loving	song	1980	date
Get To Gettin'	song	1980	date
Gear Jammer	song	1980	date
Full Time Lover	song	1980	date
Empty Arms lyrics	song	1980	date
Ego Trip	song	1980	date
Drowning In The Sea Of Love	song	1980	date
Don't Go Reaching Across My Plate	song	1980	date
Don't Change On Me	song	1980	date
Dirty Pool	song	1980	date
Darlin' You Know I Love You	song	1980	date
Cuttin' Out	song	1980	date
Crossfire lyrics	song	1980	date
Couldn't Stand The Weather lyrics	song	1980	date
Come On lyrics	song	1980	date
Cold Shot lyrics	song	1980	date
Change It lyrics	song	1980	date
Change In Your Loving	song	1980	date
Cash Talkin' (The Workingman's Blues)	song	1980	date
Can't Get Enough	song	1980	date
But I Was Cool	song	1980	date
Business With My Baby Tonight	song	1980	date
Broken Heart	song	1980	date
Broke	song	1980	date
Brick	song	1980	date
Blue Monday Hangover	song	1980	date
Bending Like A Willow Tree	song	1980	date
Bad To The Bone	song	1980	date
Baby, Baby Lee (Version 2)	song	1980	date
Amnesia	song	1980	date
Almost Lost My Mind	song	1980	date
Ain't Gone 'N' Give Up On Love	song	1980	date
A World I Never Made	song	1980	date
A Good Fool Is Hard To Find	song	1980	date
You Shook Me	song	1990	date
You're The Boss	song	1990	date
You Need To Be With Me	song	1990	date
Why Get Up	song	1990	date
Why Do Things Happen	song	1990	date
White Boots	song	1990	date
Victims Of Comfort	song	1990	date
Two Time My Lovin'	song	1990	date
Travelin' South	song	1990	date
Tired Man	song	1990	date
Tick Tock lyrics	song	1990	date
They Call Me Guitar Hurricane	song	1990	date
There's Something On Your Mind	song	1990	date
There Is Always One More Time	song	1990	date
The Sky Is Crying	song	1990	date
The Moon Is Full	song	1990	date
The Lowdown	song	1990	date
The King's Highway	song	1990	date
The Hawk	song	1990	date
The Blues Come Over Me	song	1990	date
The Action	song	1990	date
That's Not Love	song	1990	date
Texas Strut	song	1990	date
Tell Me Baby	song	1990	date
Telephone Song	song	1990	date
Taxman	song	1990	date
Sweet Sixteen (Version 1)	song	1990	date
Sure We Had A Wonderful Time Last Night	song	1990	date
Stop Messin' Around	song	1990	date
Still Got The Blues	song	1990	date
Standin' At The Station	song	1990	date
Spirit In The Dark	song	1990	date
Soon As I Get Paid	song	1990	date
Something You Got	song	1990	date
Something Up My Sleeve	song	1990	date
Somebody Done Changed The Lock On My Door	song	1990	date
Slow Down	song	1990	date
Six Days On The Road	song	1990	date
Since I Met You Baby (With Gary Moore)	song	1990	date
Showbiz Blues	song	1990	date
Shame, Shame, Shame	song	1990	date
Shake It Up And Go	song	1990	date
Saturday Night Fish Fry	song	1990	date
Same Old Thing	song	1990	date
Rusty Dusty Blues (Mama Mama Blues)	song	1990	date
Roll, Roll, Roll	song	1990	date
Rock Me Right	song	1990	date
Rainmaker	song	1990	date
Put The Shoe On The Other Foot	song	1990	date
Perpetual Blues Machine	song	1990	date
Peace To The World	song	1990	date
Patches	song	1990	date
One Foot On The Path	song	1990	date
Nobody Knows You When You're Down And Out	song	1990	date
My Head's In Mississippi	song	1990	date
Muddy Water	song	1990	date
Mr. Collins, Mr. Collins	song	1990	date
More Than One Way Home	song	1990	date
Merry Go Round	song	1990	date
Merry Christmas Baby	song	1990	date
Mean Old World	song	1990	date
Mean And Evil	song	1990	date
May I have A talk With You	song	1990	date
Master Charge (version 2)	song	1990	date
Master Charge (version 1)	song	1990	date
Mama, He Treats Your Daughter Mean	song	1990	date
Lullaby Baby Blues	song	1990	date
Lover's Crime	song	1990	date
Love That Burns	song	1990	date
Love Never Treats Me Right	song	1990	date
Love Blues	song	1990	date
Louie To Frisco	song	1990	date
Looking For Somebody	song	1990	date
Looking For Answers	song	1990	date
Look At That, Look At That	song	1990	date
Long Way From Home	song	1990	date
Locomotive	song	1990	date
Live Another Day	song	1990	date
Little By Little	song	1990	date
Life By The Drop lyrics	song	1990	date
Letter To My Girlfriend	song	1990	date
Let The Good Times Roll (Version 2)	song	1990	date
Last Fair Deal Gone Down	song	1990	date
Knock Me A Kiss	song	1990	date
Just Won't Burn	song	1990	date
Just Like You	song	1990	date
Jack, You're Dead	song	1990	date
It's Up To You	song	1990	date
It's A Great, Great Pleasure	song	1990	date
It Hurt So Bad	song	1990	date
It Hurts Me Too	song	1990	date
It Had To Be You	song	1990	date
Is You Is, Or Is You Ain't (My Baby)	song	1990	date
If You Love Me	song	1990	date
If You Love Me Like You Say	song	1990	date
If Trouble Was Money	song	1990	date
If I Lost You	song	1990	date
Iceman	song	1990	date
I Was Wrong	song	1990	date
I've Got Some Outside Help I Don't Need	song	1990	date
I Pity The Fool	song	1990	date
I'm Telling You Now	song	1990	date
I'm Putting All My Eggs In One Basket	song	1990	date
I'm On Your Side	song	1990	date
I'm Moving On	song	1990	date
I'm King	song	1990	date
I'm Gonna Move To The Outskirts Of Town	song	1990	date
I'm Beginning To Wonder	song	1990	date
I Loved Another Woman	song	1990	date
I'll Survive	song	1990	date
I Gotta Move Out Of This Neighborhood	song	1990	date
I Don't Want No Woman	song	1990	date
I Don't Know	song	1990	date
I Can't Stop Loving You	song	1990	date
Hug You Squeeze You lyrics	song	1990	date
Hound Dog	song	1990	date
Henry	song	1990	date
Head Rag	song	1990	date
Hard To Be	song	1990	date
Hand It Over	song	1990	date
Good Texan	song	1990	date
Gonna Write Him A Letter	song	1990	date
God Trying To Get Your Attention	song	1990	date
Glory Of Love	song	1990	date
Get A Haircut	song	1990	date
Further On Up the Road	song	1990	date
Friars Point	song	1990	date
Freedom	song	1990	date
Found Someone New	song	1990	date
Fool Me Once	song	1990	date
Everything I Need	song	1990	date
Everybody's Had The Blues	song	1990	date
Everybody Gets The Blues	song	1990	date
Early In The Morning (Version 2)	song	1990	date
Driftin'	song	1990	date
Don't Mistake Kindness For Weakness	song	1990	date
Deja Voodoo	song	1990	date
Darling What Happened	song	1990	date
Dangerous Mood	song	1990	date
Come On In My Kitchen	song	1990	date
Close To You	song	1990	date
City Of Gold	song	1990	date
Choo Choo Ch'Boogie	song	1990	date
Caught A Touch Of Your Love	song	1990	date
Can't Leave You Alone	song	1990	date
Caldonia (Version 2)	song	1990	date
C.O.D.	song	1990	date
Buzz Me (Version 2)	song	1990	date
Broken Promise	song	1990	date
Born With A Broken Heart	song	1990	date
Boot Hill lyrics	song	1990	date
Blues Man	song	1990	date
Blues In G	song	1990	date
Blue On Black	song	1990	date
Beware, Brother, Beware	song	1990	date
Better Days	song	1990	date
Bad Case Of Love	song	1990	date
Back In L.A.	song	1990	date
B.B.'s Blues	song	1990	date
At Last	song	1990	date
As The Years Go Passing By	song	1990	date
Anybody Seen My Girl	song	1990	date
Angelina	song	1990	date
Angel From Montgomery	song	1990	date
Am I wrong	song	1990	date
All Your Love (I Miss Loving You)	song	1990	date
All You Ever Give Me Is The Blues	song	1990	date
Ain't That Just Like A Woman	song	1990	date
Ain't Nobody's Business	song	1990	date
Ain't Nobody's Bizness (Version 1)	song	1990	date
Ain't Nobody Here But Us Chickens	song	1990	date
Aberdeen	song	1990	date
A Letter To Tracy	song	1990	date
A Better Man	song	1990	date
You Shook Me	song	1990	date
You Shouldn't Have Left Me	song	1990	date
You're The Boss	song	1990	date
You Need To Be With Me	song	1990	date
Why Do Things Happen	song	1990	date
White Boots	song	1990	date
Wander This World	song	1990	date
Victims Of Comfort	song	1990	date
Travelin' South	song	1990	date
Too Tired	song	1990	date
Tired Man	song	1990	date
Tick Tock lyrics	song	1990	date
They Call Me Guitar Hurricane	song	1990	date
There's Something On Your Mind	song	1990	date
There Is Always One More Time	song	1990	date
The Sky Is Crying	song	1990	date
The Lowdown	song	1990	date
The King's Highway	song	1990	date
The Hawk	song	1990	date
The Blues Come Over Me	song	1990	date
The Action	song	1990	date
That's Not Love	song	1990	date
Texas Strut	song	1990	date
Tell Me Baby	song	1990	date
Telephone Song	song	1990	date
Taxman	song	1990	date
Sweet Sixteen (Version 1)	song	1990	date
Sure We Had A Wonderful Time Last Night	song	1990	date
Sugarman	song	1990	date
Stop Messin' Around	song	1990	date
Still Rainin'	song	1990	date
Still Got The Blues	song	1990	date
Standin' At The Station	song	1990	date
Spirit In The Dark	song	1990	date
Soon As I Get Paid	song	1990	date
Something You Got	song	1990	date
Something Up My Sleeve	song	1990	date
Somebody Done Changed The Lock On My Door	song	1990	date
Slow Down	song	1990	date
Six Days On The Road	song	1990	date
Since I Met You Baby (With Gary Moore)	song	1990	date
Showbiz Blues	song	1990	date
Shame, Shame, Shame	song	1990	date
Shake It Up And Go	song	1990	date
Second Guessing	song	1990	date
Saturday Night Fish Fry	song	1990	date
Same Old Thing	song	1990	date
Rusty Dusty Blues (Mama Mama Blues)	song	1990	date
Roll, Roll, Roll	song	1990	date
Rock Me Right	song	1990	date
Right Back	song	1990	date
Rainmaker	song	1990	date
Put The Shoe On The Other Foot	song	1990	date
Perpetual Blues Machine	song	1990	date
Peace To The World	song	1990	date
Patches	song	1990	date
One Foot On The Path	song	1990	date
Nobody Knows You When You're Down And Out	song	1990	date
Nice And Warm	song	1990	date
My Head's In Mississippi	song	1990	date
Muddy Water	song	1990	date
Mr. Collins, Mr. Collins	song	1990	date
More Than One Way Home	song	1990	date
Missing Your Love	song	1990	date
Merry Go Round	song	1990	date
Merry Christmas Baby	song	1990	date
Mean Old World	song	1990	date
Mean And Evil	song	1990	date
May I have A talk With You	song	1990	date
Matchbox	song	1990	date
Master Charge (version 2)	song	1990	date
Mama, He Treats Your Daughter Mean	song	1990	date
Malted Milk	song	1990	date
Lullaby Baby Blues	song	1990	date
Lover's Crime	song	1990	date
Love That Burns	song	1990	date
Love Never Treats Me Right	song	1990	date
Love Blues	song	1990	date
Louise	song	1990	date
Louie To Frisco	song	1990	date
Looking For Somebody	song	1990	date
Looking For Answers	song	1990	date
Long Way From Home	song	1990	date
Locomotive	song	1990	date
Live Another Day	song	1990	date
Little By Little	song	1990	date
Life By The Drop lyrics	song	1990	date
Lie To Me	song	1990	date
Letter To My Girlfriend	song	1990	date
Let The Good Times Roll (Version 2)	song	1990	date
Leaving To Stay	song	1990	date
Last Fair Deal Gone Down	song	1990	date
Knock Me A Kiss	song	1990	date
Just Won't Burn	song	1990	date
Just Like You	song	1990	date
Jack, You're Dead	song	1990	date
It's Up To You	song	1990	date
It's Obdacious	song	1990	date
It's A Great, Great Pleasure	song	1990	date
It Hurt So Bad	song	1990	date
It Hurts Me Too	song	1990	date
It Had To Be You	song	1990	date
Is You Is, Or Is You Ain't (My Baby)	song	1990	date
If You Love Me	song	1990	date
If Trouble Was Money	song	1990	date
If I Lost You	song	1990	date
Iceman	song	1990	date
I Was Wrong	song	1990	date
I've Got Some Outside Help I Don't Need	song	1990	date
I Pity The Fool	song	1990	date
I'm Telling You Now	song	1990	date
I'm Putting All My Eggs In One Basket	song	1990	date
I'm On Your Side	song	1990	date
I'm Moving On	song	1990	date
I'm Gonna Move To The Outskirts Of Town	song	1990	date
I'm Beginning To Wonder	song	1990	date
I Loved Another Woman	song	1990	date
I Love You The Best	song	1990	date
I'll Survive	song	1990	date
I Gotta Move Out Of This Neighborhood	song	1990	date
I Don't Want No Woman	song	1990	date
I Don't Know	song	1990	date
I Can't Stop Loving You	song	1990	date
I Am	song	1990	date
Hug You Squeeze You lyrics	song	1990	date
Hound Dog	song	1990	date
Hit The Ground Running	song	1990	date
Henry	song	1990	date
Head Rag	song	1990	date
Hard To Be	song	1990	date
Hand It Over	song	1990	date
Good Texan	song	1990	date
Good Morning Little School Girl	song	1990	date
Gonna Write Him A Letter	song	1990	date
God Trying To Get Your Attention	song	1990	date
Glory Of Love	song	1990	date
Get A Haircut	song	1990	date
Further On Up the Road	song	1990	date
Friars Point	song	1990	date
Freedom	song	1990	date
Found Someone New	song	1990	date
Fool Me Once	song	1990	date
Everything I Need	song	1990	date
Everybody's Had The Blues	song	1990	date
Everybody Gets The Blues	song	1990	date
Early In The Morning (Version 2)	song	1990	date
"E" Train	song	1990	date
Driftin'	song	1990	date
Don't Mistake Kindness For Weakness	song	1990	date
Deja Voodoo	song	1990	date
Darling What Happened	song	1990	date
Darker Side	song	1990	date
Dangerous Mood	song	1990	date
Come On In My Kitchen	song	1990	date
Close To You	song	1990	date
City Of Gold	song	1990	date
Choo Choo Ch'Boogie	song	1990	date
Cherry Red Wine	song	1990	date
Changes	song	1990	date
Caught A Touch Of Your Love	song	1990	date
Can't Leave You Alone	song	1990	date
Caldonia (Version 2)	song	1990	date
C.O.D.	song	1990	date
Buzz Me (Version 2)	song	1990	date
Broken Promise	song	1990	date
Breakin' Me	song	1990	date
Born With A Broken Heart	song	1990	date
Boot Hill lyrics	song	1990	date
Blues Man	song	1990	date
Blues In G	song	1990	date
Blue On Black	song	1990	date
Beware, Brother, Beware	song	1990	date
Better Days	song	1990	date
Before You Hit The Ground	song	1990	date
Bad Case Of Love	song	1990	date
Back In L.A.	song	1990	date
Back For A Taste Of Your Love	song	1990	date
B.B.'s Blues	song	1990	date
At Last	song	1990	date
As The Years Go Passing By	song	1990	date
Anybody Seen My Girl	song	1990	date
Angelina	song	1990	date
Angel Of Mercy	song	1990	date
Angel From Montgomery	song	1990	date
Am I wrong	song	1990	date
All Your Love (I Miss Loving You)	song	1990	date
All You Ever Give Me Is The Blues	song	1990	date
Ain't That Just Like A Woman	song	1990	date
Ain't Nobody's Business	song	1990	date
Ain't Nobody's Bizness (Version 1)	song	1990	date
Ain't Nobody Here But Us Chickens	song	1990	date
Aberdeen	song	1990	date
A Quitter Never Wins	song	1990	date
A Letter To Tracy	song	1990	date
A Better Man	song	1990	date
You're On Top (Version 2)	song	2000	date
Worried Life Blues	song	2000	date
Treat Her Like A Lady	song	2000	date
Ten Long Years (Version 2)	song	2000	date
Since I Fell For You	song	2000	date
She's My Baby	song	2000	date
Riding With The King	song	2000	date
Peace Of Mind (Version 2)	song	2000	date
Once Again	song	2000	date
My Gal Keeps Me Cryin'	song	2000	date
Monday Woman	song	2000	date
Marry You	song	2000	date
Manos Arriba	song	2000	date
Makin' Love Is Good For You	song	2000	date
Key To The Highway	song	2000	date
It's Still Called The Blues	song	2000	date
I Wanna Be	song	2000	date
I'm In the Wrong Business	song	2000	date
I Know	song	2000	date
I Got To Leave This Woman	song	2000	date
Hold On I'm Coming	song	2000	date
Help The Poor (Version 2)	song	2000	date
Fightin' Hard	song	2000	date
Electric Eel	song	2000	date
Don't Go No Farther	song	2000	date
Days Of Old (Version 2)	song	2000	date
Cryin' Shame	song	2000	date
Cowboy Boots	song	2000	date
Come Rain Or Come Shine	song	2000	date
Ain't Nobody Like My Baby	song	2000	date
Actions Speak Louder Than Words	song	2000	date
A Prophet's Mission	song	2000	date
Will I Ever Get Back Home?	song	2000	date
You're On Top (Version 2)	song	2000	date
Worried Life Blues	song	2000	date
Treat Her Like A Lady	song	2000	date
Ten Long Years (Version 2)	song	2000	date
Since I Fell For You	song	2000	date
She's My Baby	song	2000	date
Riding With The King	song	2000	date
Peace Of Mind (Version 2)	song	2000	date
Once Again	song	2000	date
My Gal Keeps Me Cryin'	song	2000	date
Monday Woman	song	2000	date
Marry You	song	2000	date
Manos Arriba	song	2000	date
Makin' Love Is Good For You	song	2000	date
Key To The Highway	song	2000	date
It's Still Called The Blues	song	2000	date
I Wanna Be	song	2000	date
I'm In the Wrong Business	song	2000	date
I Know	song	2000	date
I Got To Leave This Woman	song	2000	date
Hold On I'm Coming	song	2000	date
Help The Poor (Version 2)	song	2000	date
Fightin' Hard	song	2000	date
Electric Eel	song	2000	date
Don't Go No Farther	song	2000	date
Days Of Old (Version 2)	song	2000	date
Cryin' Shame	song	2000	date
Cowboy Boots	song	2000	date
Come Rain Or Come Shine	song	2000	date
Ain't Nobody Like My Baby	song	2000	date
Actions Speak Louder Than Words	song	2000	date
A Prophet's Mission	song	2000	date
Will I Ever Get Back Home?	song	2000	date